Plot,Genre1
"A little boy named Andy loves to be in his room, playing with his toys, especially his doll named ""Woody"". But, what do the toys do when Andy is not with them, they come to life. Woody believes that he has life (as a toy) good. However, he must worry about Andy's family moving, and what Woody does not know is about Andy's birthday party. Woody does not realize that Andy's mother gave him an action figure known as Buzz Lightyear, who does not believe that he is a toy, and quickly becomes Andy's new favorite toy. Woody, who is now consumed with jealousy, tries to get rid of Buzz. Then, both Woody and Buzz are now lost. They must find a way to get back to Andy before he moves without them, but they will have to pass through a ruthless toy killer, Sid Phillips.",Animation
"After being trapped in a jungle board game for 26 years, a Man-Child wins his release from the game. But, no sooner has he arrived that he is forced to play again, and this time sets the creatures of the jungle loose on the city. Now it is up to him to stop them.",Action
"Things don't seem to change much in Wabasha County: Max and John are still fighting after 35 years, Grandpa still drinks, smokes, and chases women , and nobody's been able to catch the fabled ""Catfish Hunter"", a gigantic catfish that actually smiles at fishermen who try to snare it. Six months ago John married the new girl in town (Ariel), and people begin to suspect that Max might be missing something similar in his life. The only joy Max claims is left in his life is fishing, but that might change with the new owner of the bait shop.",Comedy
"This story based on the best selling novel by Terry McMillan follows the lives of four African-American women as they try to deal with their very lives. Friendship becomes the strongest bond between these women as men, careers, and families take them in different directions. Often light-hearted this movie speaks about some of the problems and struggles the modern women face in today's world.",Comedy
"In this sequel to ""Father of the Bride"", George Banks must accept the reality of what his daughter's ascension from daughter to wife, and now, to mother means when placed into perspective against his own stage of life. As the comfortable family unit starts to unravel in his mind, a rapid progression into mid-life crisis is in his future. His journey to regain his youth acts as a catalyst for a kind of ""rebirth"" of his attitude on life when he and his wife, Nina, find how their lives are about to change as well.",Comedy
"Hunters and their prey--Neil and his professional criminal crew hunt to score big money targets (banks, vaults, armored cars) and are, in turn, hunted by Lt. Vincent Hanna and his team of cops in the Robbery/Homicide police division. A botched job puts Hanna onto their trail while they regroup and try to put together one last big 'retirement' score. Neil and Vincent are similar in many ways, including their troubled personal lives. At a crucial moment in his life, Neil disobeys the dictum taught to him long ago by his criminal mentor--'Never have anything in your life that you can't walk out on in thirty seconds flat, if you spot the heat coming around the corner'--as he falls in love. Thus the stage is set for the suspenseful ending....",Action
"While she was growing up, Sabrina Fairchild spent more time perched in a tree watching the Larrabee family than she ever did on solid ground. As the chauffeur's daughter on their lavish Long Island estate, Sabrina was invisible behind the branches, but she knew them all below... There is Maude Larrabee, the modern matriarch of the Larrabee Corporation; Linus Larrabee, the serious older son who expanded a successful family business into the world's largest communications company; and David, the handsome, fun-loving Larrabee, who was the center of Sabrina's world until she was shipped off to Paris. After two years on the staff of Vogue magazine, Sabrina has returned to the Larrabee estate but now she has blossomed into a beautiful and sophisticated woman. And she's standing in the way of a billion dollar deal.",Comedy
"A mischievous young boy, Tom Sawyer (Jonathan Taylor Thomas, witnesses a murder by the deadly Injun Joe. Tom becomes friends with Huckleberry Finn (Brad Renfro, a boy with no future and no family. Tom has to choose between honoring a friendship or honoring an oath because the town alcoholic is accused of the murder. Tom and Huck go through several adventures trying to retrieve evidence.",Adventure
A former fireman takes on a group of terrorists holding the Vice President and others hostage during the seventh game of the NHL Stanley Cup finals.,Action
"When a deadly satellite weapon system falls into the wrong hands, only Agent 007 can save the world from certain disaster. Armed with his license to kill, Bond races to Russia in search of the stolen access codes for ""Goldeneye,"" an awesome space weapon that can fire a devastating electromagnetic pulse toward Earth. But 007 is up against an enemy who anticipates his every move: a mastermind motivated by years of simmering hatred. Bond also squares off against Xenia Onatopp, an assassin who uses pleasure as her ultimate weapon.",Action
"Andrew Shepherd is approaching the end of his first term as President of the United States. He's a widower with a young daughter and has proved to be popular with the public. His election seems assured. That is until he meets Sydney Ellen Wade, a paid political activist working for an environmental lobby group. He's immediately smitten with her and after several amusing attempts, they finally manage to go on a date (which happens to be a State dinner for the visiting President of France). His relationship with Wade opens the door for his prime political opponent, Senator Bob Rumson, to launch an attack on the President's character, something he could not do in the previous election as Shepherd's wife had only recently died.",Comedy
"Another spoof from the mind of Mel Brooks. This time he's out to poke fun at the Dracula myth. Basically, he took ""Bram Stoker's Dracula,"" gave it a new cast and a new script and made a big joke out of it. The usual, rich English are attacked by Dracula and Dr. Van Helsing is brought in to save the day.",Comedy
"A half-wolf, half-husky named Balto gets a chance to become a hero when an outbreak of diphtheria threatens the children of Nome, Alaska in the winter of 1925. He leads a dog team on a 600-mile trip across the Alaskan wilderness to get medical supplies. The film is based on a true story which inspired the Iditarod dog sled race.",Animation
"Director Oliver Stone's exploration of former president Richard Nixon's strict Quaker upbringing, his nascent political strivings in law school, and his strangely self-effacing courtship of his wife, Pat. The contradictions in his character are revealed early, in the vicious campaign against Helen Gahagan Douglas and the oddly masochistic Checkers speech. His defeat at the hands of the hated and envied John F. Kennedy in the 1960 presidential election, followed by the loss of the 1962 California gubernatorial race, seem to signal the end of his career. Yet, although wholly lacking in charisma, Nixon remains a brilliant political operator, seizing the opportunity provided by the backlash against the antiwar movement to take the presidency in 1968. It is only when safely in office, running far ahead in the polls for the 1972 presidential election, that his growing paranoia comes to full flower, triggering the Watergate scandal.",Biography
"Morgan Adams and her slave, William Shaw, are on a quest to recover the three portions of a treasure map. Unfortunately, the final portion is held by her murderous uncle, Dawg. Her crew is skeptical of her leadership abilities, so she must complete her quest before they mutiny against her. This is made yet more difficult by the efforts of the British crown to end her piratical raids.",Action
"Greed, deception, money, power, and murder occur between two best friends, a mafia underboss and a casino owner, for a trophy wife over a gambling empire.",Biography
"Rich Mr. Dashwood dies, leaving his second wife and her three daughters poor by the rules of inheritance. The two eldest daughters are the titular opposites.",Drama
Four interlocking tales that take place in a fading hotel on New Year's Eve.,Comedy
"Ace Ventura, emerging from self-imposed exile in a remote Himalayan hideaway, travels to Africa with explorer Fulton Greenwall to find a sacred bat which is told will avert a war between with Wachootoo and Wachati tribes. Of course, when Ace gets involved, all hell breaks loose...",Adventure
"Two foster brothers work as transit cops. While one's life is as good as it gets, the other's is a pit. After losing his job, getting dumped by his brother, and getting the crap kicked out of him by a loan shark for the umpteenth time, He implements his plan to steal the ""money train,"" a train carrying the New York Subway's weekly revenue. But when things go awry, will his brother be able to save him in time?",Action
"Some guys get all the luck, whether they like it or not. Chili Palmer happens to be in Hollywood collecting a gambling debt when he's struck by lightning (not literally). Called a natural for the movie business, he's snagged up by a producer. The rest is history.",Comedy
"In San Francisco, the criminal psychologist Helen Hudson is specialized in serial-killers. During a trial, the accused Daryll Lee Cullum kills a police officer and tries to kill her and she becomes agoraphobic. Now Helen lives a reclusive life with her gay friend Andy that helps her. Sometime later, there is a wave of crimes and Detectives M.J. Monahan and Reuben Goetz are investigating the murder cases. Helen identifies that the murderer is copycatting notorious serial-killers and she anonymously contacts the Police Department. After fourteen phone calls, she is identified by the police. Detectives M.J. and Reuben visit her and Helen teams up with them and prepares the profile of the killer that wants to be famous. But soon the copycat killer Peter Foley contacts and stalks Helen and M.J. and Reuben give protection to her. Will they be capable to stop Foley before the next murder?",Crime
Professional hit-man Robert Rath wants to fulfill a few more contracts before retiring but unscrupulous ambitious newcomer hit-man Miguel Bain keeps killing Rath's targets.,Action
"When sheriff Barnum investigates the death of an elderly rural resident, he discovers a teenage grandson living in the basement. Raised by his grandparents, he has experienced the world only through books, never leaving the family farm. He is sent to a state home for boys where he has trouble fitting in socially. His odd appearance and unusual abilities cause the small town residents to fear and ridicule him. However, not all are afraid. Some begin to view his potential and gifts with wonderment.",Drama
"Because his wife left him and took his son with her, screenwriter Ben Sanderson has started drinking, a lot. He's getting more and more isolated and he troubles women in bars because he wants to have sex with them. When he gets fired, he decides to leave everything behind and move to Las Vegas and drink himself to death. In Las Vegas he meets Sera, a prostitute with some problems as well who he moves in with.",Drama
"Iago convinces Othello, The Moor of Venice that his wife, Desdemona has been unfaithful. Iago is an evil, manipulative character with his own agenda. A plot of jealousy and rage transpires in this classic Shakespearean tale.",Drama
"Roberta, Teeny, Samantha and Chrissy have been busy growing up, but they always remembered the promise they made to be there for each other. Now they're together again to relive the greatest summer of their lives.",Comedy
"Eight years earlier, Anne Elliot, the daughter of a financially troubled aristocratic family, was persuaded to break off her engagement to Frederick Wentworth, a young seaman, who, though ...",Drama
"Krank (Daniel Emilfork), who cannot dream, kidnaps young children to steal their dreams. One (Ron Perlman), a former whale hunter who is as strong as a horse, sets forth to search for Denree, his little brother who was kidnapped by Krank's men. Helped by young Miette (Judith Vittet), he soon arrives in La Cite des Enfants Perdus (The City of Lost Children).",Fantasy
A provincial boy related to a Shanghai crime family is recruited by his uncle into cosmopolitan Shanghai in the 1930s to be a servant to a ganglord's mistress.,Crime
"Louanne Johnson is an ex-marine, hired as a teacher in a high-school in a poor area of the city. She has recently separated from her husband. Her friend, also teacher in the school, got the temporary job for her. After a terrible reception from the students, she tries unconventional methods of teaching (using karate, Bob Dylan lyrics etc) to gain the trust of the students.",Biography
"An unknown and lethal virus has wiped out five billion people in 1996. Only 1% of the population has survived by the year 2035, and is forced to live underground. A convict (James Cole) reluctantly volunteers to be sent back in time to 1996 to gather information about the origin of the epidemic (who he's told was spread by a mysterious ""Army of the Twelve Monkeys"") and locate the virus before it mutates so that scientists can study it. Unfortunately Cole is mistakenly sent to 1990, six years earlier than expected, and is arrested and locked up in a mental institution, where he meets Dr. Kathryn Railly, a psychiatrist, and Jeffrey Goines, the insane son of a famous scientist and virus expert.",Mystery
"Gentle farmer Arthur Hoggett wins a piglet named Babe at a county fair. Narrowly escaping his fate as Christmas dinner when Farmer Hoggett decides to show him at the next fair, Babe bonds with motherly border collie Fly and discovers that he too can herd sheep. But will the other farm animals, including Fly's jealous husband Rex, accept a pig who doesn't conform to the farm's social hierarchy?",Comedy
"The story of the relationship between painter Dora Carrington and author Lytton Strachey in a World War One England of cottages and countryside. Although platonic due to Strachey's homosexuality, the relationship was nevertheless a deep and complicated one. When Carrington did develop a more physical relationship with soldier Ralph Partridge, Strachey was able to welcome him as a friend, although Partridge remained somewhat uneasy, not so much with Strachey's sexual orientation as with the fact that he was a conscientious objector.",Biography
"A convicted murderer on Death Row and the nun who befriends him. Through the portrayal of finely drawn characters and their interactions as the days, hours, and minutes tick down to the condemned man's execution, powerful emotions are unleashed. While Matthew Poncelet and Sister Prejean desperately try to gain a stay of execution from the governor or the courts, scenes are intercut from the brutal crime, gradually revealing the truth about the events that transpired. In addition to her temporal help, the nun also tries to reach out spiritually and assist as a guide to salvation.",Crime
"A young Russian boy, Thomas Minton, travels to New York as a passenger on a Russian freighter. Close to Ellis Island he gets off and thus starts his journey to America the same way as all ...",Adventure
"Alyssa (a rich girl) and Amanda (an orphan) are two little girls who are identical, but complete strangers, that accidentally meet one day. In an attempt to stop Alyssa's father from ...",Comedy
"A rich high school student tries to boost a new pupil's popularity, but reckons without affairs of the heart getting in the way.",Comedy
"South African church minister Steven Kumalo is summoned from his village to Johannesburg. There he finds that his son Absolom has been jailed in connection with a robbery in which a white man was killed. The father of the white man, James Jarvis, is a supporter of apartheid, the separation of the races which is the law of South Africa. When they encounter each other, both Kumalo and Jarvis come to unexpected realizations not only about their sons, but about the nature of their own humanity.",Drama
The classic Shakespearean play about a murderously scheming king staged in an alternative fascist England setting.,Drama
"A Vietnam vet adjusts to life after the war while trying to support his family, but the chance of a better life may involve crime and bloodshed.",Action
"An aspiring young physician, Robert Merivel found himself in the service of King Charles II and saves the life of a spaniel dear to the King. Merivel joins the King's court and lives the high life provided to someone of his position. Merivel is ordered to marry one of the King's mistresses in order to divert the suspicions of another one of his mistresses. He is given one order by the king and that is not to fall in love. The situation worsens when Merivel finds himself in love with his new wife. Eventually, the King finds out and relieves Merivel of his position and wealth. His fall from grace leaves Merivel where he first started. And through his travels and reunions with an old friend, he rediscovers his love for true medicine and what it really means to be a physician.",Biography
"Based on the popular video game of the same name ""Mortal Kombat"" tells the story of an ancient tournament where the best of the best of different Realms fight each other. The goal - ten wins to be able to legally invade the losing Realm. Outworld has so far collected nine wins against Earthrealm, so it's up to Lord Rayden and his fighters to stop Outworld from reaching the final victory...",Action
"Suzanne Stone (Maretto) knows exactly what she wants. She wants to be a television newscaster and she is willing to do anything to get what she wants. What she lacks in intelligence, she makes up for in cold determination and diabolical wiles. As she pursues her goal with relentless focus, she is forced to destroy anything and anyone that may stand in her way, regardless of the ultimate cost or means necessary.",Comedy
Bride-to-be Finn Dodd hears tales of romance and sorrow from her elders as they construct a quilt.,Comedy
"A film about two homicide detectives' (Morgan Freeman and (Brad Pitt desperate hunt for a serial killer who justifies his crimes as absolution for the world's ignorance of the Seven Deadly Sins. The movie takes us from the tortured remains of one victim to the next as the sociopathic ""John Doe"" (Kevin Spacey) sermonizes to Detectives Somerset and Mills -- one sin at a time. The sin of Gluttony comes first and the murderer's terrible capacity is graphically demonstrated in the dark and subdued tones characteristic of film noir. The seasoned and cultured but jaded Somerset researches the Seven Deadly Sins in an effort to understand the killer's modus operandi while the bright but green and impulsive Detective Mills (Pitt) scoffs at his efforts to get inside the mind of a killer...",Crime
"This is the Disney animated tale of the romance between a young American Indian woman named Pocahontas and Capt. John Smith, who journeyed to the New World with other settlers to begin fresh lives. Her powerful father, Chief Powhatan, disapproves of their relationship and wants her to marry a native warrior. Meanwhile, Smith's fellow Englishmen hope to rob the Native Americans of their gold. Can Pocahontas' love for Smith save the day?",Animation
"An uptight and conservative woman, working on tenure as a literacy professor at a large urban university, finds herself strangely attracted to a free-spirited, liberal woman who works at a local carnival that comes to town.",Drama
"A sole survivor tells of the twisty events leading up to a horrific gun battle on a boat, which begin when five criminals meet at a seemingly random police lineup.",Crime
"Lenny and Amanda have an adopted son Max who turns out to be brilliant. Lenny becomes obsessed with finding Max's real parents because he believes that they too must be brilliant. When he finds that Linda Ash is Max' real mother, Lenny is disappointed. Linda is a prostitute and porn star. On top of that, she is quite possibly the dumbest person Lenny has ever met. Interwoven is a Greek chorus linking the story with the story of Oedipus.",Comedy
Two Italian racketeers come to Albania just after the fall of the communists to set up a fictive firm and pocket the grants. They need a stooge. They choose an old one in a jail : Spiro. ...,Drama
"Another Disney underdog sports team of misfit kids (soccer this time) learns to play a new sport and become champions, while building self-esteem, making friends and solving a variety of dramatic family crises, through the able assistance of a foreign exchange teacher and a former local sports hero as coaches.",Comedy
"Sadie is desperately looking up to her older sister Georgia who is a famous C&W artist. Sadie wants to be a famous artist like her sister, but is always doing everything wrong. Her desperate need to be accepted by her sister is constantly complicated by her drug and alcohol problems. Georgia lives a very ordered life with husband, house and children, and Sadie does everything to get her attention.",Drama
"After losing her job, making out with her soon to be ex-boss, and finding out that her daughter plans to spend Thanksgiving with her boyfriend, Claudia Larson has to face spending the holiday with her family. She wonders if she can survive their crazy antics.",Comedy
"Pablo Neruda, the famous Chilean poet, is exiled to a small island for political reasons. On the island, the unemployed son of a poor fisherman is hired as an extra postman due to the huge increase in mail that this causes. Il Postino is to hand-deliver the celebrity's mail to him. Though poorly educated, the postman learns to love poetry and eventually befriends Neruda. Struggling to grow and express himself more fully, he suddenly falls in love and needs Neruda's help and guidance more than ever.",Biography
"The year is 1952, in Quebec City. Rachel, 16, unmarried, and pregnant, works in the church. Filled with shame, she unburdens her guilt to a young priest, under the confidentiality of the ...",Drama
On his ninth birthday a boy receives many presents. Two of them first seem to be less important: an old cupboard from his brother and a little Indian figure made of plastic from his best friend. But these two presents turn out to be much more magic than the rest...,Drama
"Karen McCann's eldest daughter is raped and murdered whilst on the phone with her. When the case against Robert Doob, the perpetrator, is dismissed because of a technicality, she starts following him and sees how he checks out his next victim, a woman he delivers groceries to. She tells the police, but is only warned she must stop following Doob. When she tries to warn the woman, she is shooed out of the house. Doob, having found out that Karen is following him, threatens to do something to her youngest daughter. She then seeks help from a group of vigilantes connected to a support group, in order to shoot Doob. However, a friend from the support group turns out to be an FBI agent investigating the very vigilante activity Karen is involved in and warns her that she will go to jail for the rest of her life unless it is self-defense. In the meantime, tension grows between Karen and her husband Mack, because he finds out she has secretly been taking self-defense classes and has been learning how to use a gun. When Doob makes another victim and is again released for lack of evidence, she finds a way to lure him into her house and kill him in self-defense.",Crime
A frustrated composer finds fulfillment as a high school music teacher.,Drama
"""Don't Be a Menace to South Central While Drinking your Juice in the Hood"" is a parody of several U.S. films about being in the 'Hood', for instance ""Boyz n the Hood"", ""South Central"", ""Menace II Society"", ""Higher Learning"" and ""Juice"". We follow Ashtray as he returns to the place he grew up in and meet his father and his basket-case friends. Crazy stuff happens. For example, Ashtray is older than his father and his best friend Loc Dog's grandmother is a trigger-happy old lady who blames her eccentric-looking kid for not being tough enough.",Comedy
"Frank O'Brien, a petty thief, and his 7-year-long girlfriend Roz want to put an end to their unsteady lifestyle and just do that _last_ job, which involves stealing a valuable painting. ...",Comedy
"Bud and Doyle are two losers who are doing nothing with their lives. Both of their girlfriends are actively involved in saving the environment, but the two friends could care less about saving the Earth. One day, when a group of scientists begin a mission to live inside a ""Bio-Dome"" for a year without outside contact, Bud and Doyle mistakingly become part of the project themselves. The two must then learn how to protect the Earth and help the scientists complete their mission.",Comedy
"Jobe is resuscitated by Jonathan Walker. He wants Jobe to create a special computer chip that would connect all the computers in the world into one network, which Walker would control and use. But what Walker doesn't realize is a group of teenage hackers are on to him and out to stop his plan.",Action
"Laurent is the local estate agent, a job that offers easy opportunties for his womanising. His wife beautiful wife Loli looks after his home and two children unaware of his many affairs. However, their world is turned upside down by the arrival of Marijo, an itinerant lesbian whose minivan breaks down nearby. The neglected Loli is drawn to the sensitive Marijo and when she learns of Laurent's infidelities, invites Marijo to move in with them. The arrangement takes an emotional toll on each of them, exacerbated by the arrival of a figure from Marijo's past. As they struggle with the situation and each other, all of their lives are changed forever.",Comedy
"Craig and Smokey are two guys in Los Angeles hanging out on their porch on a Friday afternoon, smoking and looking for something to do. Encounters with neighbors and other friends over the course of the day and night, and their ensuing antics, make up the rest of the movie.",Comedy
"After a bank heist in Abilene with several casualties, the bank robber Seth Gecko and his psychopath and rapist brother Richard Gecko continue their crime spree in a convenience store in the middle of the desert while heading to Mexico with a hostage. They decide to stop for a while in a low-budget motel. Meanwhile the former minister Jacob Fuller is traveling on vacation with his son Scott and his daughter Kate in a RV. Jacob lost his faith after the death of his beloved wife in a car accident and quit his position of pastor of his community and stops for the night in the same motel Seth and Richard are lodged. When Seth sees the recreational vehicle, he abducts Jacob and his family to help his brother and him to cross the Mexico border, promising to release them on the next morning. They head to the truck drivers and bikers bar Titty Twister where Seth will meet with his partner Carlos in the dawn. When they are watching the dancer Santanico Pandemonium, Seth and Richard fight with three bodyguards. But soon they discover that the bar is a coven of vampires and they need to fight until dawn to leave the place alive.",Action
"Max Kirkpatrick is a cop who protects Kate McQuean, a civil law attorney, from a renegade KGB team out to terminate her.",Action
"After college graduation, Grover's girlfriend Jane tells him she's moving to Prague to study writing. Grover declines to accompany her, deciding instead to move in with several friends, all of whom can't quite work up the inertia to escape their university's pull. Nobody wants to make any big decisions that would radically alter his life, yet none of them wants to end up like Chet, the professional student who tends bar and is in his tenth year of university studies.",Comedy
"Henri Fortin is poor and iliterate former boxer. Ziman is rich Jewish lawyer from Paris. During WWII they meet when Fortin agrees to drive Ziman's family to Switzerland. Intrigued by Victor Hugo's novel ""Les Miserables"", Fortin asks the Zimans to read that book to him during the travel. Before the end of movie every main character would see his character in situations similar to those in Hugo's novel.",Drama
"Romantic drama about a young career girl who is swept off her feet by a shy florist, who fell in love with her after one glimpse through a shadowy window.",Romance
"(SIRIUS 6B, Year 2078) On a distant mining planet ravaged by a decade of war, scientists have created the perfect weapon: a blade-wielding, self-replicating race of killing devices known as Screamers designed for one purpose only -- to hunt down and destroy all enemy life forms But man's greatest weapon has continued to evolve without any human guidance, and now it has devised a new mission: to obliterate all life. Col. Hendricksson (Peter Weller) is commander of a handful of Alliance soldiers still alive on Sirius 6B. Betrayed by his own political leaders and disgusted by the atrocities of this never-ending war, Hendricksson decides he must negotiate a separate peace with the New Economic Bloc's decimated forces. But to do so, he will have to cross a treacherous wasteland where the deadliest threat comes from the very weapons he helped to create.",Sci-Fi
"A look into the many lives of Christa Päffgen, otherwise known as Nico; from cutie German mädchen to the first of the supermodels, to glamorous diva of the Velvet Underground, to cult item,...",Documentary
"After his daughter died in a hit and run, Freddy Gale has waited six years for John Booth, the man responsible, to be released from prison. On the day of release, Gale visits Booth and announces that he will kill him in one week. Booth uses his time to try and make peace with himself and his entourage, and even finds romance. Gale, whose life is spiralling down because of his obsession towards Booth, will bring himself on the very edge of sanity. At the end of the week, both men will find themselves on a collision course with each other.",Drama
"When Annie Laird is selected as a juror in a big Mafia trial, she is forced by someone known as ""The Teacher"" to persuade the other jurors to vote ""not guilty"". He threatens to kill her son if she doesn't commit. When the trial is over, he can't let her go...",Drama
"Razieh wants a fat goldfish for the Iranian New Years celebration instead of the skinny ones in her family's pond at home, because the fat fish looks like it's dancing when it swims. After many attempts she and her brother convince their mother to give them her last bit of money. Between their home and the fish store, Razieh loses the money.. She finds it, but it is temptingly just out of her reach.",Drama
Five different criminals face imminent death after botching a job quite badly.,Crime
"In an anonymous Dutch village, a sturdy, strong-willed matriarch looks back upon her life, the generations of family and friends gathered around her table, and ponders the cyclical nature of time.",Comedy
A narrator tells the story of his childhood years in a tightly knit Afro-American community in the deep south under racial segregation.,Drama
"Filmed entirely on location in East Hampton, Long Island, ""Last Summer in the Hamptons"" concerns a large theatrical family spending the last weekend of their summer together at the decades-old family retreat which economic circumstances have forced them to put on the market. Victoria Foyt plays a young Hollywood actress whose visit wreaks havoc on the stellar group of family and friends - led by matriarch Viveca Lindfors and made up of an extraordinary mix of prominent New York actors, directors, and playwrights. In the course of a very unusual weekend, comic as well as serious situations arise, and the family's secrets - of which there are many - begin to unravel.",Comedy
"The movie is a study of a family of country gentry in Victorian England. William Adamson, a young scientist, is introduced into the Alabaster family by Reverend Mr Alabaster who is also fascinated by insects. William marries the older daughter of the family and studies the amounts of insects in the garden of the villa. His - for the gentry - strange behaviors reveal at the same time their own failures and passions.",Drama
"A true story about a group of American teenage boys who crew a school sailing ship to gain experience, discipline, or whatever their parents feel they lack. The voyage is a true adventure for them all but it has its downs as well as ups.",Adventure
A young boy befriends a larcenous orangutan in a luxury hotel.,Comedy
"Comedy about the prospective Washington State Governor Al Donnelly whose only stumbling block on the road to power is his embarrassing younger brother Mike. To keep him out of mischief, Al forces one of his aides, Steve Dodds to keep an eye on him during the election. However, this is easier said than done...",Comedy
"Gene Watson is a public accountant who arrives on a train at Union Station in Los Angeles, accompanied by his 6-year-old daughter Lynn. Because of his ordinary looks, he is approached by a pair of sinister people named Smith and Jones. Pretending to be cops, Smith and Jones kidnap Lynn and confront Gene with a simple choice -- kill California governor Eleanor Grant in 90 minutes or less, or Lynn will die. Watson is given a gun, six bullets, and a name tag, and he is told to go to the Westin Bonaventure Hotel and kill Eleanor, who is giving an afternoon speech. While Jones is watching Lynn in a van, Smith watches Watson in order to prevent Watson from alerting the authorities. Watson must quickly find some way to get himself and Lynn out of this seemingly impossible situation.",Action
"We are somewhere in England in the 19th century. A Pretty housemaid works in a nice house, which is Dr. Jekyll's house. Mary Reilly think she found her best job, because she is poor and the doctor is well-known and rich. The film tells the 'Dr. Jekyll and Mr. Hyde' story as a woman sees the two men, one of them is good and the other is evil. And she loves them ...",Drama
"Maximillian is the only survivor from a race of vampires on a Caribbean Island, and as a vampire, he must find a mate to keep the line from ending. He knows that a child had been born to a woman who had a vampire father, and he searches for her in Brooklyn. Rita's mother, who has died in an asylum, was that woman and Rita has nightmares that she does not understand. Not knowing that she is part vampire, Max woos her and attempts to bring her to her blood sucking destiny. Even though Rita has strange dreams and actions, Justice, her partner, has feelings for her and does not want her involved with this stranger Max. But it is Rita who must decide her destiny.",Comedy
"New York based jazz pianist Willie Conway heads back to his small hometown of Knights Ridge, Massachusetts for a high school reunion. The trip is as much to go to the reunion and see his old friends - none of whom left Knights Ridge after graduation - as it is to get away from his current life, at which he is at a crossroads both personally and professionally. He is just eking out a living with his piano playing gigs, and as such he is thinking about taking a sales job. He's also not sure if he's ready to marry his long time girlfriend, lawyer Tracy Stover. Most of Willie's Knights Ridge blue collar friends' best days were in high school, they still having that ""trophy"" mentality of girlfriends and wives. Only Michael ""Mo"" Morris is happily married with a family. Paul Kirkwood, whose room is plastered with magazine pictures of models, wants his waitress ex-girlfriend Jan back only because he knows now that he can't have her. And Tommy ""Birdman"" Rowland, who was the big man in high school, is trying to end his affair with his now married high school girlfriend, Darian Smalls. Despite knowing about Darian, Tommy's current girlfriend, Sharon Cassidy, stands by her man through bad and worse. A cousin of their bar owning friend Stanley ""Stinky"" Womack, the beautiful Andera who is visiting from Chicago, may provide the voice of reason for this group of friends in dealing with their women problems. Some reason is what Willie may need in trying to figure out why he is attracted to Marty, his father's thirteen year old neighbor, especially as Willie learns that Tracy has decided to join him for the reunion.",Comedy
"""Broken Arrow"" is the term used to describe a nuclear device that has been lost. In this movie, two nuclear missiles are stolen by rogue US pilot Deakins, but hot on his trail is his co-pilot Hale and a Park Ranger, Terry. The action takes place in Utah's canyon country; a high stakes game of cat and mouse.",Action
"Out of work actor Joe volunteers to help try and save his sister's local church for the community by putting on a Christmas production of Hamlet, somewhat against the advice of his agent Margaretta. As the cast he assembles are still available even at Christmas and are prepared to do it on a 'profit sharing' basis (that is, they may not get paid anything) he cannot expect - and does not get - the cream of the cream. But although they all bring their own problems and foibles along, something bigger starts to emerge in the perhaps aptly named village of Hope.",Comedy
"The film follows three young men and their time spent in the French suburban ""ghetto,"" over a span of twenty-four hours. Vinz, a Jew, Saïd, an Arab, and Hubert, a black boxer, have grown up in these French suburbs where high levels of diversity coupled with the racist and oppressive police force have raised tensions to a critical breaking point. During the riots that took place a night before, a police officer lost his handgun in the ensuing madness, only to leave it for Vinz to find. Now, with a newfound means to gain the respect he deserves, Vinz vows to kill a cop if his friend Abdel dies in the hospital, due the beating he received while in police custody.",Crime
"Lone group of teens, led by recently released joyrider and his disenchanted Belfast girlfriend, strives to leave their mark on ""a British city in the near future"" while attempting to avoid a rival gang. Scenes of joyriding and ram-raiding, which attempt to portray the addictiveness of fast driving whilst also showing the downside (the effect on the community and ultimately death)",Action
"A documentary crew from the BBC arrives in L.A. intent on interviewing Heidi Fleiss, a year after her arrest for running a brothel but before her trial. Several months elapse before the interview, so the crew searches for anyone who'll talk about the young woman. Two people have a lot to say to the camera: a retired madam named Alex for whom Fleiss once worked and Fleiss's one-time boyfriend, Ivan Nagy, who introduced her to Alex. Alex and Nagy don't like each other, so the crew shuttles between them with ""she said"" and ""he said."" When they finally interview Fleiss, they spend their time reciting what Alex and Nagy have had to say and asking her reaction.",Documentary
"The accidental shooting of a boy in New York leads to an investigation by the Deputy Mayor, and unexpectedly far-reaching consequences.",Drama
Three friends plan to pull off a simple robbery and go on the run.,Comedy
"Martha is a single woman working at a television talk show. When her younger sister gets married, everyone's wondering when Martha is going to meet Mr. Right and tie the knot. When by chance, Martha meets a handsome stranger named Whitman, the two fall madly in love with each other. But soon Martha discovers little quirks in Whitman... little quirks that become horrifying nightmares. But by the time Martha realizes that she must break up with him, it'll take more than subtle hints to make him go away -- she'll have to get into the most outrageous predicaments to rid herself of Mr. Wrong.",Comedy
"Unsuccessfully framed for his wife's murder, Dr. David Krane attempts to find the real culprit by utilizing a new drug that allows him to experience the memories of other people first-hand....",Drama
A Hockey player wannabe finds out that he has the most powerful golf drive in history. He joins the P.G.A. tour to make some money to save grandma's house. The downside is that his hocky player mentality doesn't really go on the P.G.A. tour. Especially with the favorite to win the championship.,Comedy
"The path of Francesca Johnson's future seems destined when an unexpected fork in the road causes her to question everything she had come to expect from life. While her husband and children are away at the Illinois state fair in the summer of 1965, Robert Kincaid happens turn into the Johnson farm and asks Francesca for directions to Roseman Bridge. Francesca later learns that he was in Iowa on assignment from National Geographic magazine. She is reluctant seeing that he's a complete stranger and then she agrees to show him to the bridges and gradually she talks about her life from being a war-bride from Italy which sets the pace for this bittersweet and all-too-brief romance of her life. Through the pain of separation from her secret love and the stark isolation she feels as the details of her life consume her, she writes her thoughts of the four-day love affair which took up three journals. The journals are found by her children after the lawyer was going over Francesca's will and all the contents which produces a key to her hope chest in the bedroom which contained some of hers and Robert's things. The message they take from the diaries is to what you what you have to do to be happy in life. After learning that Robert Kincaid's cremated remains were scattered off Roseman Bridge and that their mother requested that she too be cremated and her ashes to be scattered off Roseman Bridge, the children must decide whether to honor their mother's final wishes or bury her alongside their father as the family had planned. Adapted from the novel by Robert James Waller, this is the story of a special love that happens just once in a lifetime -- if you're lucky.",Drama
The Muppets are back into action in another movie based on a novel written by Robert Louis Stevenson. Kermit the Frog and his colleagues go on a warfare against ruthless pirates. They also share their problem-solving journey on sea to rescue a treasure.,Action
"A camera follows model Christy Turlington through the spring fashion shows in Milan, Paris, and New York one year in the early 1990s, probably 1992. She and others dash from one designer's unveilings to another. Extended footage looks at Versace and Armani in Milan, Galliano, Gaultier, and Langerfeld in Paris, and Isaac Mizrahi in New York. With Kate Moss, Naomi Campbell, and Turlington, we see the nature of friendships among models. With the engaging Mizrahi in particular, there's some exploration of the relationship between designer and models.",Documentary
"William Wallace is a Scottish rebel who leads an uprising against the cruel English ruler Edward the Longshanks, who wishes to inherit the crown of Scotland for himself. When he was a young boy, William Wallace's father and brother, along with many others, lost their lives trying to free Scotland. Once he loses another of his loved ones, William Wallace begins his long quest to make Scotland free once and for all, along with the assistance of Robert the Bruce.",Biography
"Keong comes from Hong Kong to visit New York for his uncle's wedding. His uncle runs a market in the Bronx and Keong offers to help out while Uncle is on his honeymoon. During his stay in the Bronx, Keong befriends a neighbor kid and beats up some neighborhood thugs who cause problems at the market. Meanwhile, one of those petty thugs in the local gang stumbles into a criminal situation way over his head. Blinded by greed, his involvement draws his gang, the kid, Keong, and the whole neighborhood into a deadly crossfire. When the lazy cops fail to successfully resolve matters, Keong takes things into his own hands. Needless to say, much spectacular kung-fu and outrageous action sequences follow....",Action
"When teenage son Jacob is being accused of murdering his girlfriend, the well-respected and close-knit Ryan family is in turmoil. Jacob flees, father Ben destroys possible evidence, the village community turns hostile and mother Carolyn is forced to temporarily close her doctor's practice. Then Jacob gets arrested and soon finds himself and his family entangled in a web of truth, trust and lies, all on his way to court.",Crime
"In a town where half the men die down the coalpit, Margaret MacNeil is quite happy being single. Until she meets Neil Currie, a charming and sincere bagpipe-playing, Gaelic-speaking dishwasher. But no matter what you do, you can't avoid the spectre of the pit forever.",Drama
"Using previously unreleased archival material in addition to contemporary interviews, this academy award-winning documentary tells the story of the Frank family and presents the first fully-rounded portrait of their brash and free-spirited daughter Anne, perhaps the world's most famous victim of the Holocaust.",Documentary
"This film is based on a true story about a British teenager who allegedly poisoned family, friends, and co-workers. Graham is highly intelligent, but completely amoral. He becomes ...",Crime
"Joe and Lucy are roommates and best friends. Lucy, whose love life is embarrassingly dull, convinces Joe, who is infatuated with a neighbor he's never met, that if they don't have stable romances within a month, they must jump off the Brooklyn Bridge.",Comedy
"Ruben and Robby are twin brothers, adopted by Mona, one of the wealthiest - and most eccentric - women in Santa Barbara. Ruben is devoted to Mona, but Robby is more devoted to her money. So...",Comedy
"This movie is based on actual events, but it says it is not all about one specific incident. It documents St. Vincent's Orphanage in Canada, where many of the boys suffer physical, emotional, and sexual abuse at the hands of the brothers who run the facility. When the stories are surfaced and a police investigation is begun, religious and political groups work to silence the story to keep it from reaching the public.",Drama
A successful executive and womanizer finds his lifestyle choices have turned back on him when his new female boss turns out to be an even bigger deviant than he is.,Comedy
"Wong Kar-Wai's movie about two love-struck cops is filmed in impressionistic splashes of motion and color. The first half deals with Cop 223, who has broken up with his girlfriend of five years. He purchases a tin of pineapples with an expiration date of May 1 each day for a month. By the end of that time, he feels that he will either be rejoined with his love or that it too will have expired forever. The second half shows Cop 663 dealing with his breakup with his flight attendant girlfriend. He talks to his apartment furnishings until he meets a new girl at a local lunch counter.",Comedy
"""Dottore"" Joe Moretti travels round Sicily doing screen tests for the big Roman studios. He's a conman and takes money or favours for his efforts. Beata, a young illiterate convent girl desperately wants to change her life and falls for him, belatedly he realises his feelings for her. Their love affair is doomed when he's arrested.",Drama
"Mel Coplin departs on a mission of discovery dragging his wife and 4 month old son behind. He and wife, Nancy, won't agree on a name for their son until adopted Mel gets in touch with his roots. He assures her that once he knows who he really is, the right name for their boy will be a snap. Enlisting the aid of student-psychologist and part-time adoption agent, Tina Kalb, they embark on a journey across the United States to find Mel's ""birth"" mother. ""The best part,"" Mel tells Nancy, ""is it's all free."" Tina is finishing her dissertation and will film the happy reunion of mother and child as part of her research. For this privilege, she's footing the bill. His adoptive parents are left behind feeling abandoned by an ungrateful son. Clerical errors, mistaken identities, Nancy's misplaced high school friend and his gay lover, and a super-charged libido here and there are thrown into the mix along the way until -- at last -- Mel's real parents, the Schlictings (mispronounced as ""Shit-kings"" by Mrs. Coplin), are discovered in remote New Mexico. There, Mel begins to wonder if he would have been better off not knowing these people, after all.",Comedy
"Bastian's dream to get a sibling becomes true when his father re-marries, but soon he has trouble with his new stepsister Nicole and with a gang of school bullies, the Nasties. Hiding in the school library, Bastian finds his favorite book of THE NEVERENDING STORY, where it is later found by Slip, the gang leader. The latter recognizes the power of the book and begins to form Fantasia after his bad intentions. When the chaos becomes worse the Child-like Empress requests Bastian to move back to the real world, get the book back and save Fantasia. Accidentally some Fantasia characters travel with him to reality, but get lost in different places. Meanwhile Slip and the other Nasties spread anarchy. Finally, Bastian gets support from Nicole, who begins to believe in the power of Fantasia.",Adventure
A whimsical saga of a young man whose two life-consuming passions are unraveling traffic gridlock and an avant-garde dancer. A romantic comedy.,Comedy
"A ten year old girl named Angela leads her six year old sister, Ellie, through various regimens of 'purification' in an attempt to rid themselves of their evil, which she believes to be the cause of their mother's mental illness. Precocious, to say the least, Angela has visions of Lucifer coming to take her and her sister away, and one of her remedies for this is for them to remain within a circle of their dolls and toys until they see a vision of the virgin Mary come to them. But such thinking can only lead to an ending befitting of her own mental state.",Drama
"This is a story of a man (Walker), suffering from dwarfism, who writes an autobiographical account of his life. In flashbacks, we see how he was conceived to a woman (Parillaud) at the end of WWII as she attempts to smuggle herself to America on a troop ship. Caught, she is put ashore back in her homeland of Ireland where she struggles to bring up her dwarfed child. Then comes an ongoing affair with a man (Byrne) who becomes a surrogate father to the boy, teaching him about the stars and planets... and calling him ""Frankie Starlight."" After that affair she meets with a man (Dillon) who takes her and the boy to America, but they are misfits in the prairie lands of the West and soon return home to Ireland where the boy grows to manhood as a writer.",Drama
"Someone does a nasty hatchet job on a San Fransisco big noise and the Assistant D.A. takes charge of the investigation. Through a web of blackmail and prostitution involving the Governor, an old lover of the lawman emerges as a prime suspect and he has to deal with his personal feelings as well as the case.",Crime
"Lt. Cmdr. Tom Dodge is assigned as Captain to the USS Stingray, an old diesel driven submarine that has seen better days. With a crew that consists only of weird guys (and a gal), he's headed against the atomic powered USS Orlando, with the mission to destroy a dummy battleship.",Comedy
"Mockumentary look at Playgirl Magazine centerfold and 1992 Man of the Year, Dirk Shafer, who kept it a secret from the magazine that he is gay. Most of the film is a fictionalized retelling of Dirk's decision to send a photograph to Playgirl, his selection as a centerfold and then Man of the Year, his many TV interviews, his friend Vivian Paxton posing as his beard, and the pressures from his live-in lover to come out of the closet. Interspersed with this chronological narrative are a black and white look at an evening Dirk spends with Angela Lucassey, a woman from Reno who wins Playgirl's national contest to have a date with Dirk, and an interview with a stripper who tracks Dirk down.",Comedy
"This is a telling of the Jessica Savitch story, the newswoman who, in the 1970's, became the ""First Woman Anchor"". Sally/Tally is taken under the wing of Warren in a Miami newsroom and becomes a news star on TV. Despite her love for Warren, she takes the big chance and moves on to Philadelphia, where he follows to rescue her faltering career at the cost of his own - as she rises he falls.",Drama
"Armand Goldman owns a popular drag nightclub in South Miami Beach. His long-time lover, Albert, stars there as Starina. ""Their"" son Val (actually Armand's by his one heterosexual fling, twenty years before) comes home to announce his engagement to Barbara Keeley, daughter of Kevin Keeley, US Senator, and co-founder of the Committee for Moral Order. The Senator and family descend upon South Beach to meet Val, his father and ""mother."" What ensues is comic chaos.",Comedy
"This angst-filled tale of three Irish-Catholic brothers explores men's relationships with women. Three different situations are set up on parallel plotlines, with each brother facing a different kind of crisis. Their common bond as family, as well as close lifelong friends, allows them to express their feelings frankly and intimately, as they talk and discuss their concerns among each other. Jack finds himself in a marriage gone stale and under pressure to start a family that he does not yet feel ready for. Barry, dedicated to his film career and almost pathologically averse to any type of commitment in a relationship, is suddenly artistically successful and finds true love, both for the first time and both pulling him in opposite directions. Patrick is torn between his love for his religion and ethnic heritage and his love for Susan, his longtime Jewish girlfriend. Ultimately, they are all asked to resist temptation of one sort or another, with various poignant outcomes.",Comedy
"Marcus Burnett is a hen-pecked family man. Mike Lowry is a foot-loose and fancy free ladies' man. Both are Miami policemen, and both have 72 hours to reclaim a consignment of drugs stolen from under their station's nose. To complicate matters, in order to get the assistance of the sole witness to a murder, they have to pretend to be each other.",Action
A young American boy visiting in China helps his zoologist father rescue a panda cub from unscrupulous poachers while his panda reserve is threatened with closure from officious bureaucrats.,Family
"Film adaptation of street tough Jim Carroll's epistle about his kaleidoscopic free fall into the harrowing world of drug addiction. As a member of a seemingly unbeatable high school basketball squad, Jim's life centers around the basketball court and the court becomes a metaphor for the world in his mind. A best friend who is dying of leukemia, a coach (""Swifty"") who takes unacceptable liberties with the boys on his team, teenage sexual angst, and an unhealthy appetite for heroin -- all of these begin to encroach on young Jim's dream of becoming a basketball star. Soon, the dark streets of New York become a refuge from his mother's mounting concern for her son. He can't go home and his only escape from the reality of the streets is heroin for which he steals, robs and prostitutes himself. Only with the help of Reggie, an older neighborhood friend with whom Jim ""picked up a game"" now and then, is he able to begin the long journey back to sanity.",Biography
"Set right after World War II, a naive teenage girl joins a shabby theatre troupe in Liverpool. During a winter production of Peter Pan, the play quickly turns into a dark metaphor for youth as she becomes drawn into a web of sexual politics and intrigue.",Comedy
"Isabelle is an ex-nun waiting for her special mission from God. In the meantime, she is making a living writing pornography. She meets Thomas, a sweet, confused amnesiac who cannot remember...",Comedy
"Based on the true story of the ill-fated 13th Apollo mission bound for the moon. Astronauts Lovell, Haise and Swigert were scheduled to fly Apollo 14, but are moved up to 13. It's 1970, and The US has already achieved their lunar landing goal, so there's little interest in this ""routine"" flight.. until that is, things go very wrong, and prospects of a safe return fade.",Adventure
"In the highlands of Scotland in the 1700s, Rob Roy tries to lead his small town to a better future, by borrowing money from the local nobility to buy cattle to herd to market. When the money is stolen, Rob is forced into a Robin Hood lifestyle to defend his family and honour.",Adventure
"Kathleen Conklin, a doctoral student in philosophy, finds herself with a new perspective on the nature of evil and humanity after being bitten by a vampire in New York City....",Horror
"The Dark Knight of Gotham City confronts a dastardly duo: Two-Face and the Riddler. Formerly District Attorney Harvey Dent, Two-Face incorrectly believes Batman caused the courtroom accident which left him disfigured on one side; he has unleashed a reign of terror on the good people of Gotham. Edward Nygma, computer-genius and former employee of millionaire Bruce Wayne, is out to get the philanthropist; as The Riddler he perfects a device for draining information from all the brains in Gotham, including Bruce Wayne's knowledge of his other identity. Batman/Wayne is/are the love focus of Dr. Chase Meridan. Former circus acrobat Dick Grayson, his family killed by Two-Face, becomes Wayne's ward and Batman's new partner Robin the Boy Wonder.",Action
"Laura is trying to pick up the pieces of her life after the murder of her husband and son, and goes on vacation with her sister to Burma. After losing her passport at a political rally, she is left on her own for a few days, during which time she falls in with students fighting for democracy. She and their leader, U Aung Ko, travel through Burma, whilst witnessing many bloody acts of repression by the dictatorship, in an attempt to escape to Thailand. Based on a true story.",Action
"Wayne Wang's follow-up movie to Smoke presents a series of improvisational situations strung together to form a pastiche of Brooklyn's diverse ethnicity, offbeat humor, and essential ...",Comedy
"The US economy is in a rut, and so is the president's approval rating. What we need is a good war, but the Russians aren't interested. Hey -- how about that big polite country to the north? Niagara Falls Sheriff Bud B. Boomer takes this all a bit too seriously, though.",Comedy
"Furious that her late father only willed her his gloomy-looking mansion rather than his millions, Carrigan Crittenden is ready to burn the place to the ground when she discovers a map to a treasure hidden in the house. But when she enters the rickety mansion to seek her claim, she is frightened away by a wicked wave of ghosts. Determined to get her hands on this hidden fortune, she hires afterlife therapist Dr. James Harvey to exorcise the ghosts from the mansion. Harvey and his daughter Kat move in, and soon Kat meets Casper, the ghost of a young boy who's ""the friendliest ghost you know."" But not so friendly are Casper's uncles--Stretch, Fatso and Stinkie--who are determined to drive all ""fleshies"" away. Ultimately, it is up to Harvey and Kat to help the ghosts cross over to the other side.",Comedy
"Young drug pushers in the projects of Brooklyn live hard dangerous lives, trapped between their drug bosses and the detectives out to stop them.",Crime
"A megalomaniac C.E.O. sends his son into the dangerous African Congo on a quest for a source of diamonds large enough and pure enough to function as powerful laser communications transmitters (or is it laser weapons?). When contact is lost with his son and the team, his sometime daughter- in-law is sent after them. She is a former CIA operative and, accompanied by gee-whiz gadgetry and a few eccentric characters (including a mercenary, a researcher with a talking gorilla, and a a nutty Indiana-Jones-type looking for King Solomon's Mines), sets out to rescue her former fiancé. What they all discover is that often what we most want turns out to be the source of our downfall.",Action
"When some Russian rebels takes control of some ICBM's, the Americans mobilize. Among the vessels sent is the nuclear sub, the Alabama. But before they leave they need a new X.O. and among the choices is Commander Hunter, who hasn't seen much action. But the ship's Captain, Ramsey OK's him. While on the way, there was an incident and Hunter disagreed with how Ramsey handled it, it's evident that Ramsey doesn't think much of Hunter because Hunter was college educated while Ramsey worked his way up. They're given orders to attack but when they were in the process of receiving another order, the ship's communications were damaged, so the entire message was not received. Ramsey decides to continue with their previous order while Hunter wants to reestablish contact first. That's when the two men butt heads that ends with Hunter relieving Ramsey. Later when some men die, some of the officers feel that Hunter is not up to the task so they team up to retake control. But Hunter has taken precautions.",Action
"This movie chronicles the life and times of R. Crumb. Robert Crumb is the cartoonist/artist who drew Keep On Truckin', Fritz the Cat, and played a major pioneering role in the genesis of underground comix. Through interviews with his mother, two brothers, wife, and ex-girlfriends, as well as selections from his vast quantity of graphic art, we are treated to a darkly comic ride through one man's subconscious mind. As stream-of-consciousness images incessantly flow forth from the tip of his pen, biting social satire is revealed, often along with a disturbing and haunting vision of Crumb's own betes noires and inadequacies. As his acid-trip induced images flicker across our own retinas, we gain a little insight into this complex and highly creative individual.",Documentary
A gunslinger is embroiled in a war with a local drug runner.,Action
"It is 1948 in LA and Ezikeal ""Easy"" Rawlins, an African-American World War II veteran, is looking for work. At his friend's bar, he is introduced to a white man, DeWitt Albright, who is looking for someone to help him find a missing white woman assumed to be hiding somewhere in LA's Black community. This woman, Daphane Monet, happens to be the fiancée of a wealthy ""blue blood,"" Todd Carter, who is currently the favorite in the city's mayoralty race. Daphane Monet is known to frequent the Black jazz clubs in LA. Easy, innocently, accepts Albright's offer; however, he quickly finds himself amidst murder, crooked cops, ruthless politicians, and brutalizing hoodlums. This is a Chandler-esque ""who-done-it"" with an African-American theme.",Crime
"John McClane is now almost a full-blown alcoholic and is suspended from the NYPD. But when a bomb goes off in the Bonwit Teller Department Store the police go insane trying to figure out what's going on. Soon, a man named Simon calls and asks for McClane. Simon tells Inspector Walter Cobb that McClane is going to play a game called ""Simon Says"". He says that McClane is going to do the tasks he assigns him. If not, he'll set off another bomb. With the help of a Harlem electrician, John McClane must race all over New York trying to figure out the frustrating puzzles that the crafty terrorist gives him. But when a bomb goes off in a subway station right by the Federal Reserve (the biggest gold storage in the world) things start to get heated.",Action
"Jordan White and Amy Blue, two troubled teens, pick up an adolescent drifter, Xavier Red. Together, the threesome embark on a sex and violence-filled journey through an America of psychos and quickiemarts.",Action
"After an abandoned young woman in late 19th Century England is taken in by a rural couple with three handsome sons, tragic consequences result.",Crime
"Lancelot lives by the sword. In fact, they're next door neighbours, so teaming up to fight for money comes pretty naturally. Lady Guinevere, on her way to marry King Arthur is ambushed by the evil Sir Malagant. Fortunately Lancelot is lurking nearby and he rescues his future queen. They fall in love, but Guinevere still fancies the idea of wearing a crown, so she honours her promise to Arthur. Can Lady Guinevere remain faithful, or will this Pretty Woman become a lady of the knight?",Action
"Willy the smart and rebellious whale and Jessie the orphaned boy team up to escape Willy's captivity and horrible owner to get back to his pod. Can they succeed with the help of Annie and Glenn Jessie's foster parents, Randolph the spiritual friend of Willy and Jessie, and Rae Willy's trainer?",Adventure
Dade Murphy was a hacker even as a kid in Seattle. He got arrested for the computer virus that he planted and was banned from using any computer until the age of 18.Then he moves to New ...,Comedy
"Jeffrey, a young gay man in New York, decides that sex is too much and decides to become celibate. He immediately meets the man of his dreams and must decide whether or not love is worth the danger of a boyfriend dying.",Comedy
"In 2021, the whole world is connected by the gigantic Internet, and almost a half of the population is suffering from the Nerve Attenuation Syndrome (NAS).Johnny with an inplanted memory chip in his brain was ordered to transport the over loaded information from Beijing to Newark. While Pharmakom Industries supported by yakuza tries to capture him to get the informaiton back, the Low-tech group led by J-Bone tries to break the missing code to download the cure of NAS which Johnny carries.",Action
"In the year 2139, the Earth has changed into a virtually uninhabitable place called the Cursed Earth. All of the Earth's population have crowded into the cities across the planet, now known as Mega-Cities. The crimes in these Mega-Cities became so violent and so powerful, that the regular justice system was powerless to contain, then it collapsed completely. However, a new justice system came from the ashes, there were three justice systems in one (police, jury and executioner), they were called Judges. In Mega-City One (formerly, New York City), there was a Judge, named Joseph Dredd, who was the toughest and most stringent Judge in history. One day, he was charged with murder, and was tried and sentenced to life in prison because of it.",Action
"When jobless Tommy Collins discovers that sequestered jurors earn free room and board as well as $5-a-day, he gets himself assigned to a jury in a murder trial. Once there, he does everything he can to prolong the trial and deliberations and make the sequestration more comfortable for himself.",Comedy
"Disturbing, dark, low-budget independent film about teen-agers in New York City. The story focuses on Telly (Leo Fitzpatrick), a teen who has a goal to de-flower as many virgins as he can. When one of his old encounters discovers that she is H.I.V.-positive, after only one encounter with a guy, Telly remains undaunted.",Drama
Film about filmmaking. It takes place during one day on set of non-budget movie. Ultimate tribute to all independent filmmakers.,Comedy
"During a routine case in L.A., NY private investigator Harry D'Amour stumbles over members of a fanatic cult, who are waiting for the resurrection of their leader Nix. 13 years ago, Nix was...",Horror
"Set in a dreary urban landscape of Edmonton, LOVE AND HUMAN REMAINS is a dark comedy about a group of twentysomethings looking for love and meaning in the '90s. The film focuses on roommates David, a gay waiter who has has given up on his acting career, and Candy, a book reviewer who is also David's ex-lover. David and Candy's lives are entangled with those of David's friends (a busboy, a psychic dominatrix, and a misogynistic civil-servant) and Candy's dates (a male bartender and a lesbian schoolteacher). Meanwhile, a serial killer menaces the concrete and asphalt neighbourhood in which David and Candy live.",Drama
The high-school student Matt Leland lives with his twin brother and sister and his father in a house by the lake. When the teenager Casey Roberts moves to the house on the other side of the...,Drama
"Brodie Bruce, a Sega and comic book obsessed college student, and his best friend, TS Quint, are both dumped by their girlfriends on the same day, and to deal with their loss, they both go to the local mall. Along the way, they meet up with some friends, including Willam, a guy who stares at Magic Eye pictures, desprately trying to see the hidden image; Gwen, one of TS's ex-girlfriends; and Jay & Silent Bob, of Clerks fame. Eventually, they decide to try and win back their significant others, and take care of their respective nemesises (TS's girlfriend's father, and a store clerk who hates the two for not having any shopping agenda).",Comedy
"Six teenagers Tommy, Kimberly, Adam, Billy, Rocky and Aisha have discovered the power to fight the forces of evil. A giant egg is unearthed in Angel Grove. Lord Zedd and Rita Repulsa investigate the egg, and release the creature inside - Ivan Ooze, whom Zordon had trapped him inside the egg six thousand years ago. Once released, Ooze left to seek revenge on Zordon. And now Zordon in his crystalline deathbed is dying because he has no power, without the power then Zordon of Eltar will never existed. Now the fate of the universe is in their hands. But this time the Power Rangers head for a distant planet to meet up with a bikini-clad warrior babe named Dulcea who imparts ancient wisdom and power. But now that they have their powers back and becomes Power Rangers once more they will now get back to business and defeat Ivan Ooze at all costs.",Action
"Billy Hughes, a mute makeup artist working on a slasher film being shot in Moscow, is locked in the studio after hours. While there she witnesses a brutal murder, and must first escape capture at that time, then keep from being killed before convincing authorities of what she's seen. Plot twists galore follow as Billy tries to stay alive.",Horror
"This ultra-hip, post-modern vampire tale is set in contemporary New York City. Members of a dysfunctional family of vampires are trying to come to terms with each other, in the wake of their father's death. Meanwhile, they are being hunted by Dr. Van Helsing and his hapless nephew. As in all good vampire movies, forces of love are pitted against forces of destruction.",Drama
"Angela Bennett's a software engineer type who works from home and has few friends outside of cyberspace. Taking her first vacation in years, she becomes embroiled in a web of computer espionage.",Action
"Samuels life is perfect. That is, until he finds out his girlfriend is pregnant. Now he must face the issues that come with being an expecting father, in a most entertaining way.",Comedy
"Mary is a free-spirited young woman with a run-down New York apartment and a high fashion wardrobe. She calls her godmother, a librarian, for bail money after being arrested for throwing an...",Comedy
"""Some people lose their faith because Heaven shows them too little,"" says Thomas Daggett. ""But how many people lose their faith because Heaven showed them too much?"" Daggett nearly became a priest; now he's a cop. He may want to put religion behind him, but one morning a weird, eyeless, hermaphroditic corpse turns up. Suddenly he is on a path that will put him right in the middle of a war in Heaven. And once again, Heaven will show him too much: gore, blood, charred flesh, living corpses and much worse. Even more central to the heavenly war effort is a young girl. This American Indian child has something Gabriel wants. And Gabriel is willing to kill her and anyone in his path - or even reanimate a corpse or two - to get it.",Action
"On Christmas Eve, a regretful husband admits to his high-spirited wife that he has hired a contract killer to take her out. She immediately flees. A nice couple offers her shelter, but everyone have dark secrets in this wacky movie.",Comedy
An affluent and unexceptional homemaker in the suburbs develops multiple chemical sensitivity.,Drama
"In 1666 in the Massachusetts Bay colony, Puritans and Algonquian have an uneasy truce. Hester arrives from England, seeking independence. Awaiting her husband, she establishes independence, fixing up a house, befriending Quakers and other outsiders. Passion draws her to a young pastor. He feels the same; when they learn her husband has probably died at the hands of Indians, they consummate their love. A child is born, and on the day Hester is publicly humiliated and made to wear a scarlet letter, her husband appears after a year with Indians. Calling himself Chillingworth, he seeks revenge, searching out Hester's lover and stirring fears of witchcraft. Will his murderous plot succeed?",Drama
"Nomi Malone, a mysterious young girl with the ambition to dance embarks on a journey to Las Vegas to become a showgirl in a high-class hotel show. There she meets Molly, a seamstress at the Stardust Hotel and the two quickly become good friends. She gets a job as a lap dancer at the seedy Cheetah Club but after a chance meeting with Cristal Connors, the star of Goddess, the current show at the hotel where Molly works, Nomi manages to secure an audition for a spot on the chorus line.However she soon realises that fame comes with a price as her friendships, her morals and her soul are put to the test as she works her way up the ladder and eventually becomes the star of the show, stealing Cristal's part. She begins to wonder if all of her work was for nothing and if she can reclaim her life back before it is too late.",Drama
"The plot of this movie, like smoke itself, drifts and swirls ethereally. Characters and subplots are deftly woven into a tapestry of stories and pictures which only slowly emerges to our view. This film tries to convince us that reality doesn't matter so much as aesthetic satisfaction. In Auggie's New York smoke shop, day by day passes, seemingly unchanging until he teaches us to notice the little details of life. Paul Benjamin, a disheartened and broken writer, has a brush with death that is pivotal and sets up an unlikely series of events that afford him a novel glimpse into the life on the street which he saw, but did not truly perceive, every day. Finally, it's Auggie's turn to spin a tale....",Comedy
"Grace Bichon, who is managing her father's riding-stable, discovers that her husband Eddie deceives her with another woman. After confronting him in the middle of the night on the streets of their small home town, she decides to stay at her sister Emma Rae's house for a while, to make up her mind. Breaking out of her everyday life, she starts to question the authority of everyone, especially her father's, thus causing a stir in her parent's marriage, too.",Comedy
A group of scientists try to track down and trap a killer alien seductress before she successfully mates with a human.,Action
"Set in the year 1999 during the last days of the old millennium, the movie tells the story of Lenny Nero, an ex-cop who now deals with data-discs containing recorded memories and emotions. One day he receives a disc which contains the memories of a murderer killing a prostitute. Lenny investigates and is pulled deeper and deeper in a whirl of blackmail, murder and rape. Will he survive and solve the case?",Action
John Netherwood and his wife Leann are fugitives who are both wanted for murder. They have a young daughter named Janie. John and Leann are in the process of robbing a house when the two ...,Crime
"When Jane Holman is driving with her two sons, Tom and Gunny, she accidentally runs into a drifter, named Jack McCloud, who breaks his leg. Feeling sorry for him, Jane invites Jack and his dog Betty Jane to stay at her home until his leg has healed. After having some difficulties to adapt to this new lifestyle, Jack soon finds himself loved by the family and they all want him to stay. When he starts teaching baseball to Tom, who misses his father who's missing in the Korean War, the two of them develop a strong bond. Meanwhile Gunny believes that there's more to Jack and Betty Jane than meets the eye, and he's determined to find out!",Drama
"In 1871, Paul Verlaine (1844-1896), an established poet, invites boy genius Arthur Rimbaud (1854-1891) to live with Paul and his young pregnant wife, Mathiltde, in her father's home in Paris. Rimbaud's uncouth behavior disrupts the household as well as the insular society of French poets, but Verlaine finds the youth invigorating. Stewed in absinthe and resentment, Verlaine abuses Mathiltde; he and Rimbaud become lovers and abandon her. There are reconciliations and partings with Mathiltde and partings and reconciliations with Rimbaud, until an 1873 incident with a pistol sends one of them to prison. Codas dramatize the poets' final meeting and last illnesses.",Biography
"Three drag queens travel cross-country until their car breaks down, leaving them stranded in a small town.",Comedy
"Seal Team Commander Casey Ryback has retired from the Navy since the conclusion of the events in the first movie, and is now a chef at the Mile High Cafe in Denver, Colorado. Ryback is taking his niece Sarah Ryback on vacation, to reconnect and commiserate with her after the death of her parents. They board a train traveling westbound through the Rocky Mountains from Denver to LA. With the help of gun-for-hire Marcus Penn a couple dozen of his mercenaries, ex-CIA brain (and mentally unstable) Travis Dane commandeers the train, takes the passengers and crew hostage, and sets up a mobile control center. He hacks into the CIA database and gains control of a Top-Secret defence satellite he designed during his Agency days that has just been deployed. Funded by various foreign interests, he stands to make 1 billion dollars for using the space weapon to blow up the Eastern seaboard by targeting a nuclear reactor housed beneath the Pentagon. Dane taunts the Joint Chiefs in the Pentagon Situation Room by using it to blow up a Chinese chemical weapons plant and the two stealth planes sent to intercept him, secure in the knowledge that he cannot be stopped because his location can't be traced as long as the train keeps moving, his location can't be fixed. Ryback, aided by young porter Bobby Zachs, is the only ones who can take out the bad guys, rescue the hostages, and prevent the destruction of the eastern seaboard before Dane can realise his dastardly plans!",Action
"Steven Lidz, unhappy with his home life since his mother got sick, goes and lives with his two crazy Uncles. There he changes and gets closer to his Uncles, but his parents want him home ...",Comedy
"Isaac Mizrahi, one of the most successful designers in high fashion, plans his fall 1994 collection. He combines inspirations such as the Hollywood Eskimo look, the Mary Tyler Moore show, and Ouija-derived advise like ""dominatrix mixed with Hitchcock"" into a well-received collection. A behind-the-scenes look at the creative side of fashion.",Documentary
"A Walk in the Clouds depicted a story about a young-married US military soldier, named Paul, who returned home after the World War II. In the middle of the way back home, he accidentally met a girl named Victoria who finished her master's degree. She has not married yet but got pregnant by accident. During the journey they talked a lot. Due to her pregnancy, Victoria was afraid of her father who respected old Mexican tradition. Thus, Paul proposed to pose as her husband to help her face her dad. Paul was not intended to cheat on his wife by pretending to be Victoria's husband. However, when Paul decided to come back to his home and left Victoria, he found his wife cheating on him. Paul then headed back to Victoria's house ""Las Nubes"" and confessed his true love to Victoria.",Drama
"The polar ice caps have melted, and the earth is covered by water. The remaining people travel the seas, in search of survival. Several different societies exist. The Mariner falls from his customary and solitary existence into having to care for a woman and a young girl while being pursued by the evil forces of the Deacon.",Action
"The story takes place in alternative America where the blacks are members of social elite, and whites are inhabitants of inner city ghettos. Louis Pinnock is a white worker in a chocolate factory, loving husband and father of two children. While delivering a package for black CEO Thaddeus Thomas, he is mistaken for a voyeur and, as a result, loses his job, gets beaten by black cops and his family gets evicted from their home. Desperate Pinnock takes a gun and kidnaps Thomas, demanding justice.",Drama
"Andrew Crocker-Harris is an embittered and disliked teacher of Greek and Latin at a British public school. After nearly 20 years of service, he is being forced to retire on the pretext of his health, and perhaps may not even be given a pension. The boys regard him as a Hitler, with some justification. His wife Laura is unfaithful, and lives to wound him any way she can. Andrew must come to terms with his failed life and regain at least his own self-respect.",Drama
"Russia, 1936: revolutionary hero Colonel Kotov is spending an idyllic summer in his village with his young wife and six-year-old daughter Nadia and other assorted family and friends. Things change dramatically with the unheralded arrival of Cousin Dmitri from Moscow, who charms the women and little Nadia with his games and pianistic bravura. But Kotov isn't fooled: this is the time of Stalin's repression, with telephone calls in the middle of the night spelling doom - and he knows that Dmitri isn't paying a social call...",Drama
"The circularity of violence seen in a story that circles on itself. In Republic of Macedonia, during war in Bosnia, Christians hunt an ethnic Albanian girl who may have murdered one of their own. A young monk who's taken a vow of silence offers her protection. In London, a photographic editor who's pregnant needs to talk it out with her estranged husband and chooses a toney restaurant. She wants permanence with her lover, a prize-winning Macedonian photographer just back from Bosnia, changed by the violence. He leaves abruptly for his village; he's not visited it in 16 years. There he tries to ignore bitter divisions between his Orthodox brethren and local Albanians, then tries to transcend them.",Drama
"American tourist Jesse and French student Celine meet by chance on the train from Budapest to Vienna. Sensing that they are developing a connection, Jesse asks Celine to spend the day with him in Vienna, and she agrees. So they pass the time before his scheduled flight the next morning together. How do two perfect strangers connect so intimately over the course of a single day? What is that special thing that bonds two people so strongly? As their bond turns to love, what will happen to them the next morning when Jesse flies away?",Drama
"Billy Madison is a 27 year-old man whose father Brian is the head of a major hotel chain. Even though he is groomed to replace his father who is about to retire, Billy is extremely immature and unmotivated in life. When Brian considers making Eric Gordon (whom Billy despises) his new replacement, Billy decides to prove to his father that he is capable of taking over. He must repeat grade school all over again (2 weeks for each grade) in order to take over the hotel empire. The further Billy progresses, the more Eric tries to derail Billy.",Comedy
A teenage babysitter is the focus of two boys and a man's separate obsessions.,Drama
"Jane is a night club singer, out of work. Robin is a quirky real estate agent looking for a ride-share to accompany her to California. Her advertisement is answered by Jane, who at first was uncertain about her. A stop in Pittsburgh picks up a third, Holly, escaping a violent and drug-dealing partner. Girls on the road, reaching understanding, respect, and care for each other. But this trio is different - Jane a lesbian, Robin suffering with AIDS, Holly running from her past, seeking one-night stands and a good man.",Comedy
"Erik, a loner, finds a friend in Dexter, an eleven-year-old boy with AIDS. They vow to find a cure for AIDS together and save Dexter's life in an eventful summer.",Drama
A man struggles to save his family from the strange and deadly occurrences in the castle they've inherited.,Drama
"'Circle Of Friends' is set in 1950's Ireland. The movie focuses on Benny Hogan and her best friend, Eve Malone. The story centers around Benny and Eve as they enter student life at ...",Drama
Dante Hicks is not having a good day. He works as a clerk in a small convenience store and is told to come into work on his day off. Dante thinks life is a series of down endings and this day is proving to no different. He reads in the newspaper that his ex-girlfriend Caitlin is getting married. His present girlfriend reveals to have somewhat more experience with sex that he ever imagined. His principal concerns are the hockey game he has that afternoon and the wake for a friend who died. His buddy Randal Graves works as a clerk in the video store next and he hates his job just about as much as Dante hates his.,Comedy
"Well-respected psychiatrist Dr. Jack Mickler is only 10 days away from his retirement. A week before he is due to leave, he encounters a young man who attempts suicide--would be a pretty straightforward case except the young man claims to be Don Juan, the fabled Spanish nobleman and world renowned seducer/lover of woman. Despite original hostility from his co-workers, Jack manages to persuade his associates to put the youth in his care for 10 days after which the youth will undergo an evaluation to be either released from psychiatric care or sent to a mental institution. However, as the 10 days progresses, Dr. Mickler and the other staff become gradually drawn into to the young man's exotic world of love, passion and pleasure as he recounts his story to them. Whilst doing so the man's philosophies and zeal for life and love begins to revive Dr. Mickler's somewhat passionless relationship with his wife, Marilyn as well as challenging his own views and ethics to the point where both he and the audience begin to question: could this young man truly be Don Juan?",Comedy
"A computer specialist is sued for sexual harassment by a former lover turned boss who initiated the act forcefully, which threatens both his career and his personal life.",Drama
A team of skydiving crooks led by DEA-agent-turned-bad Busey specialize in landing on police roofs and breaking in so their evil computer nerd can steal undercover agents' files and sell them to drug lords. Federal Marshal Snipes lost a brother to this crew and learns skydiving with the help of tough-but-lovable instructor Butler so he can track them down. DIE HARD meets PASSENGER 57 meets CLIFFHANGER.,Action
"Johnny Destiny burns into Las Vegas in his hot Plymouth RoadRunner, stopping only to pick up a stranger stranded in the desert. But then, things aren't always as they seem. Anything can happen in that town of many possibilities...especially since there's been some weird electrical disturbances. As the stranger, fresh out of prison, tries to put his life back together--to recover his money from an old bank heist and the girl he lost in doing the job--something keeps interfering with his plans. Is it fate...or just Destiny?",Crime
"Paulina Escobar is a political activist whose husband is a prominent lawyer in an unnamed South American country just out of a dictatorship. One day a storm forces her husband to ride home with a neighbor. That chance encounter brings up demons from her past, as she is convinced that the neighbor (Dr. Miranda) was part of the old fascist regime that tortured and raped her, while blindfolded. Paulina takes him captive to determine the truth. Paulina is torn between her psychological repressions and somber memory, Gerardo is torn between his wife and the law, and Dr. Miranda is forced to endure captivity while husband and wife seek out the uncertain truth about the clouded past.",Drama
A big-city reporter travels to the small town where her mother has been arrested for the murder of an elderly woman that she works for as a maid.,Crime
"Harry and Lloyd are two good friends who happen to be really stupid. The duo set out on a cross country trip from Providence to Aspen, Colorado to return a briefcase full of money to its rightful owner, a beautiful woman named Mary Swanson. After a trip of one mishap after another, the duo eventually make it to Aspen. But the two soon realize that Mary and her briefcase are the least of their problems.",Comedy
"Senior Master Chef Chu lives in a large house in Taipei with his three unmarried daughters, Jia-Jen, a chemistry teacher converted to Christianity, Jia-Chien, an airline executive, and Jia-Ning, a student who also works in a fast food restaurant. Life in the house revolves around the ritual of an elaborate dinner each Sunday, and the love lives of all the family members.",Comedy
"This psychological thriller is true to its subjects as well as being complex, dynamic, and overly dramatic. How something so long ago, seemingly trivial, years later with more significant trauma, turns repressed emotions into a dysfunctional life and distorted thinking. This is all merged into a psychological menagerie that unfolds piece by piece to perfection.",Drama
"Elliot is going to the island of Eden to live out his submissive fantasies, but inadvertently photographs diamond smugglers at work. Smugglers, and detectives, follow him to the island, ...",Comedy
"Because of his eccentric habits and bafflingly strange films, director Edward D. Wood Jr. is a Hollywood outcast. Nevertheless, with the help of the formerly famous Bela Lugosi and a devoted cast and crew of show-business misfits who believe in Ed's off-kilter vision, the filmmaker is able to bring his oversize dreams to cinematic life. Despite a lack of critical or commercial success, Ed and his friends manage to create an oddly endearing series of extremely low-budget films.",Biography
"A woman flies to France to confront her straying fiancé, but gets into trouble when the charming crook seated next to her uses her for smuggling.",Comedy
"Mickey Gordon is a basketball referee who travels to France to bury his father. Ellen Andrews, an American living in Paris, works for the airline Mickey flies on. They meet and fall in love, but their relationship goes through many difficult patches. The story is told in flashback by their friends at a restaurant waiting for them to arrive.",Comedy
"Teenage Angus adopts a stray dog and names him Yellow. Several days later, while traveling along the coast of British Columbia with Angus' father, John, the boy and dog become stranded when...",Adventure
"It's the last day of school, and Max wants to catch the eye of Roxanne, one of the more attractive girls in school. But how can you be cool when your dad's Goofy? Stage an impromptu concert at the final assembly, that's how! Or at least it sounded good until Principal Mazer found out. Goofy finds out about his son's antics (sort of), and decides a fishing trip, like his dad took him on, is the solution. Of course, he doesn't know that Max finally lands a date with Roxanne for a party thrown by the class valedictorian. Through the movie, Goofy tries to bring Max out of his shell, while Max resents being taken away, and lying to Roxanne about the trip (he tells her he & his dad will be appearing on TV at the PowerLine concert in LA). Will Max sink or swim? Will Goofy goof up his son's first shot at romance? Will Bigfoot step back? And what about those nuns?",Animation
Hatch Harrison had a traffic accident with his car. At first the doctors said he was dead but then they succeeded to bring him back to life after two hours. But Hatch starts to have strange...,Fantasy
"After a man dies in a car crash, he is reincarnated as a dog and attempts to reconnect with his family.",Drama
"Farinelli, is the artistic name of Carlo Broschi, a young singer in Handel's time. He was castrated in his childhood in order to preserve his voice. During his life he becomes to be a very famous opera singer, managed by his mediocre brother (Riccardo).",Biography
"This is the story of a talking cute piglet named Gordy, who gets involved in a big quest to save his family from the slaughterhouse, where no pigs have ever returned. And it's all up to him to find and save them before they get turned into sausage!",Comedy
"In this offshoot of the 1950s ""claymation"" cartoon series, the crazy Blockheads threaten to ruin Gumby's benefit concert by replacing the entire city of Clokeytown with robots.",Animation
J.J. is a rookie in the Sheriff's Department and the first black officer at that station. Racial tensions run high in the department as some of J.J.'s fellow officers resent his presence. ...,Crime
"This documentary follows two young African-Americans through their high school years as they perfect their skills in basketball in the hopes of getting a college scholarship and eventually play in the NBA. Arthur Agee and William Gates both show great potential and are are actively recruited as they look to enter high school. They start off at the same high school but unable to pay an unexpected bill for tuition fees, Arthur has to withdraw and go to the local public high school. The film follows them through their four years of high school and their trials and tribulations: injuries, slumps and the never ending battle to maintain their grades. Through it all, their hoop dreams continue.",Documentary
"Based on the true story of Juliet Hulme and Pauline Parker, two close friends who share a love of fantasy and literature, who conspire to kill Pauline's mother when she tries to end the girls' intense and obsessive relationship.",Biography
"Kevin Franklin is a con man whose mouth is bigger than him, but it doesn't help him much when he's in with the mob for $50,000. Trying to avoid a gambling addict boss, and his two stupid henchmen, Kevin poses as a childhood friend to Gary Young, a workaholic father whose own life is in turmoil in an affluent Pennsylvania suburb.",Comedy
"The life and death of the legendary Ludwig van Beethoven. Besides all the work he is known for, the composer once wrote a famous love letter to a nameless beloved, and the movie tries to find out who this beloved was--not easy, as Beethoven has had many women in his life.",Biography
"Plump kids are lured into joining a posh fat camp with the promise of quick weight loss and good times, only to find that the facility is a woodland hellhole run by a psycho ex-fitness instructor.",Comedy
"Paul is on a business trips to Nagoya, as a computer-chip executive from New York, when he meets a beautiful and mysterious woman. Later, he finds himself in the wrong place at the wrong time, inadvertently interrupting an assassination by a feared Ninja-cult. As he is now the only man to have seen the face of the cult's warrior-leader and lived, he soon realizes that he is facing a markedly foreshortened life-expectancy. Teaming up with a friendly samurai couple, on a two-centuries-old blood-feud with the Ninja, he struggles to survive. Finally, recuperating on an island-fortress, he learns swordsmanship, and perhaps, a little about courage, honor, love, and loyalty. The requisite final confrontation is rife with bloody swordplay and spectacular martial-arts action sequences.",Action
"Edward Walters, an auto mechanic, falls for the intelligent and beautiful Catherine Boyd. It is love at first sight. There is however a problem, she's engaged to jerk James Moreland. Fortunately, Catherine's uncle likes Ed, and with his friends they scheme to make Catherine fall for Ed. The comedy in this movie stems from the fact that Catherine's uncle is none other than Albert Einstein, who's portrayed as a fun loving genius, as are his mischievous colleagues, Nathan, Kurt and Boris.",Comedy
"A vampire tells his epic life story: love, betrayal, loneliness, and hunger.",Drama
"One of the obsessive speculations in American history is whether Thomas Jefferson, in the years before he became president, had an affair with (and fathered a child with) his 15-year-old slave Sally Hemings. JEFFERSON IN PARIS follows Jefferson to France (as the U.S. ambassador to the court of Louis XVI), following the death of his wife his friendships and flirtations with the French, his relationship with his daughters and slaves from home (especially Sally), against the backdrop of the beginning of the French Revolution.",Biography
"When two unemployed telephone pranksters decide to use their vocal ""talents"" to impersonate a Chicago mob boss and curry favor with organized crime in New York, the trouble begins. It isn't long before Johnny and Kamal (the ""Jerky Boys"" of crank call fame) are wanted by the local mafia, the police, and their neighbor.",Comedy
